{"cameraMode":{"drawMode":0,"name":"Shaded","section":"Shading Mode"},"sceneLighting":false,"audioPlay":false,"sceneViewState":{"showFog":true,"showMaterialUpdate":false,"showSkybox":true,"showFlares":true,"showImageEffects":true,"showParticleSystems":true},"in2DMode":false,"pivot":{"x":3.9193310737609865,"y":0.21225246787071229,"z":-2.890000104904175},"rotation":{"x":0.00021558505250141025,"y":0.6979182362556458,"z":-0.7161774039268494,"w":0.0002099521370837465},"size":1.9150186777114869,"orthographic":false}