{"cameraMode":{"drawMode":0,"name":"Shaded","section":"Shading Mode"},"sceneLighting":false,"audioPlay":false,"sceneViewState":{"showFog":true,"showMaterialUpdate":false,"showSkybox":true,"showFlares":true,"showImageEffects":true,"showParticleSystems":true},"in2DMode":false,"pivot":{"x":1.3760000467300416,"y":1.184999942779541,"z":-2.0345001220703127},"rotation":{"x":0.00021558505250141025,"y":0.6979182362556458,"z":-0.7161774039268494,"w":0.0002099521370837465},"size":1.5248223543167115,"orthographic":false}