{"cameraMode":{"drawMode":0,"name":"Shaded","section":"Shading Mode"},"sceneLighting":true,"audioPlay":false,"sceneViewState":{"showFog":true,"showMaterialUpdate":false,"showSkybox":true,"showFlares":true,"showImageEffects":true,"showParticleSystems":true},"in2DMode":false,"pivot":{"x":12.137953758239746,"y":23.856828689575197,"z":-0.4847043454647064},"rotation":{"x":0.010741587728261948,"y":0.8094738721847534,"z":-0.5868706703186035,"w":0.014815674163401127},"size":10.0,"orthographic":false}