{"cameraMode":{"drawMode":0,"name":"Shaded","section":"Shading Mode"},"sceneLighting":false,"audioPlay":false,"sceneViewState":{"showFog":true,"showMaterialUpdate":false,"showSkybox":true,"showFlares":true,"showImageEffects":true,"showParticleSystems":true},"in2DMode":false,"pivot":{"x":10.012163162231446,"y":2.5609114170074465,"z":16.624643325805665},"rotation":{"x":-0.018191663548350335,"y":-0.11314079910516739,"z":0.002071794355288148,"w":-0.9934102296829224},"size":40.689476013183597,"orthographic":false}