{"cameraMode":{"drawMode":0,"name":"Shaded","section":"Shading Mode"},"sceneLighting":false,"audioPlay":false,"sceneViewState":{"showFog":true,"showMaterialUpdate":false,"showSkybox":true,"showFlares":true,"showImageEffects":true,"showParticleSystems":true},"in2DMode":false,"pivot":{"x":-2.427278757095337,"y":0.3476529121398926,"z":-0.000047087669372558594},"rotation":{"x":-0.11029009521007538,"y":-0.6440925598144531,"z":0.09458697587251663,"w":-0.7510221600532532},"size":3.1656293869018556,"orthographic":false}