{"cameraMode":{"drawMode":0,"name":"Shaded","section":"Shading Mode"},"sceneLighting":true,"audioPlay":false,"sceneViewState":{"showFog":true,"showMaterialUpdate":false,"showSkybox":true,"showFlares":true,"showImageEffects":true,"showParticleSystems":true},"in2DMode":false,"pivot":{"x":2.1275806427001955,"y":19.602121353149415,"z":-1.8550505638122559},"rotation":{"x":-0.106412373483181,"y":-0.8701520562171936,"z":0.43037471175193789,"w":-0.21515002846717835},"size":2.020829200744629,"orthographic":false}