{"cameraMode":{"drawMode":0,"name":"Shaded","section":"Shading Mode"},"sceneLighting":false,"audioPlay":false,"sceneViewState":{"showFog":true,"showMaterialUpdate":false,"showSkybox":true,"showFlares":true,"showImageEffects":true,"showParticleSystems":true},"in2DMode":false,"pivot":{"x":-14.970001220703125,"y":0.6999998092651367,"z":3.5921170711517336},"rotation":{"x":-0.152202308177948,"y":0.08055079728364945,"z":-0.01244701910763979,"w":-0.9849827885627747},"size":49.04568099975586,"orthographic":false}