{"cameraMode":{"drawMode":0,"name":"Shaded","section":"Shading Mode"},"sceneLighting":false,"audioPlay":false,"sceneViewState":{"showFog":true,"showMaterialUpdate":false,"showSkybox":true,"showFlares":true,"showImageEffects":true,"showParticleSystems":true},"in2DMode":false,"pivot":{"x":15.86936092376709,"y":0.5235140919685364,"z":-13.958209037780762},"rotation":{"x":-0.16114509105682374,"y":0.7850948572158814,"z":-0.228999525308609,"w":-0.5524649620056152},"size":2.306391954421997,"orthographic":false}