{"cameraMode":{"drawMode":0,"name":"Shaded","section":"Shading Mode"},"sceneLighting":false,"audioPlay":false,"sceneViewState":{"showFog":true,"showMaterialUpdate":false,"showSkybox":true,"showFlares":true,"showImageEffects":true,"showParticleSystems":true},"in2DMode":false,"pivot":{"x":0.7302371263504028,"y":0.7844043970108032,"z":-10.498891830444336},"rotation":{"x":0.029190106317400934,"y":-0.9673839807510376,"z":0.13170510530471803,"w":0.21440616250038148},"size":4.02371883392334,"orthographic":false}