{"cameraMode":{"drawMode":0,"name":"Shaded","section":"Shading Mode"},"sceneLighting":false,"audioPlay":false,"sceneViewState":{"showFog":true,"showMaterialUpdate":false,"showSkybox":true,"showFlares":true,"showImageEffects":true,"showParticleSystems":true},"in2DMode":false,"pivot":{"x":3.9193313121795656,"y":0.3332033157348633,"z":0.22398090362548829},"rotation":{"x":-0.006129298824816942,"y":-0.24064618349075318,"z":0.0015190327540040017,"w":-0.9705923795700073},"size":2.8151726722717287,"orthographic":false}