{"cameraMode":{"drawMode":0,"name":"Shaded","section":"Shading Mode"},"sceneLighting":false,"audioPlay":false,"sceneViewState":{"showFog":true,"showMaterialUpdate":false,"showSkybox":true,"showFlares":true,"showImageEffects":true,"showParticleSystems":true},"in2DMode":false,"pivot":{"x":-0.5021343231201172,"y":1.1715705394744874,"z":-13.010221481323243},"rotation":{"x":0.12919482588768006,"y":-0.7928470969200134,"z":0.18047459423542024,"w":0.5675659775733948},"size":5.682416915893555,"orthographic":false}