{"cameraMode":{"drawMode":0,"name":"Shaded","section":"Shading Mode"},"sceneLighting":true,"audioPlay":false,"sceneViewState":{"showFog":true,"showMaterialUpdate":false,"showSkybox":true,"showFlares":true,"showImageEffects":true,"showParticleSystems":true},"in2DMode":false,"pivot":{"x":2.0199997425079347,"y":1.1899998188018799,"z":-19.959999084472658},"rotation":{"x":-0.19199462234973908,"y":0.6929044127464294,"z":-0.19985930621623994,"w":-0.6656408905982971},"size":11.488563537597657,"orthographic":false}