{"cameraMode":{"drawMode":0,"name":"Shaded","section":"Shading Mode"},"sceneLighting":true,"audioPlay":false,"sceneViewState":{"showFog":true,"showMaterialUpdate":false,"showSkybox":true,"showFlares":true,"showImageEffects":true,"showParticleSystems":true},"in2DMode":false,"pivot":{"x":0.26171445846557619,"y":-2.1409196853637697,"z":1.2266652584075928},"rotation":{"x":-0.17215591669082642,"y":0.11932957172393799,"z":-0.021014710888266565,"w":-0.9775895476341248},"size":5.140974044799805,"orthographic":false}