{"cameraMode":{"drawMode":0,"name":"Shaded","section":"Shading Mode"},"sceneLighting":false,"audioPlay":false,"sceneViewState":{"showFog":true,"showMaterialUpdate":false,"showSkybox":true,"showFlares":true,"showImageEffects":true,"showParticleSystems":true},"in2DMode":false,"pivot":{"x":-0.05236411094665527,"y":0.4504491090774536,"z":-2.0868043899536135},"rotation":{"x":0.002482735551893711,"y":0.9889034628868103,"z":-0.01662955805659294,"w":0.14760489761829377},"size":6.064323425292969,"orthographic":false}