{"cameraMode":{"drawMode":0,"name":"Shaded","section":"Shading Mode"},"sceneLighting":false,"audioPlay":false,"sceneViewState":{"showFog":true,"showMaterialUpdate":false,"showSkybox":true,"showFlares":true,"showImageEffects":true,"showParticleSystems":true},"in2DMode":false,"pivot":{"x":6.1906328201293949,"y":1.7670420408248902,"z":-16.01198387145996},"rotation":{"x":-0.022254224866628648,"y":0.9728505611419678,"z":-0.20462623238563538,"w":-0.10580508410930634},"size":3.030122995376587,"orthographic":false}