{"cameraMode":{"drawMode":0,"name":"Shaded","section":"Shading Mode"},"sceneLighting":false,"audioPlay":false,"sceneViewState":{"showFog":true,"showMaterialUpdate":false,"showSkybox":true,"showFlares":true,"showImageEffects":true,"showParticleSystems":true},"in2DMode":false,"pivot":{"x":9.714375495910645,"y":2.185358762741089,"z":-8.865274429321289},"rotation":{"x":0.17019161581993104,"y":-0.459377646446228,"z":0.09016431868076325,"w":0.8671087026596069},"size":5.818615913391113,"orthographic":false}