{"cameraMode":{"drawMode":0,"name":"Shaded","section":"Shading Mode"},"sceneLighting":false,"audioPlay":false,"sceneViewState":{"showFog":true,"showMaterialUpdate":false,"showSkybox":true,"showFlares":true,"showImageEffects":true,"showParticleSystems":true},"in2DMode":false,"pivot":{"x":-10.85543155670166,"y":-6.134336471557617,"z":-3.1571712493896486},"rotation":{"x":-0.27161672711372378,"y":0.5406652688980103,"z":-0.1899302899837494,"w":-0.7731959223747253},"size":20.71897315979004,"orthographic":false}