{"cameraMode":{"drawMode":0,"name":"Shaded","section":"Shading Mode"},"sceneLighting":false,"audioPlay":false,"sceneViewState":{"showFog":true,"showMaterialUpdate":false,"showSkybox":true,"showFlares":true,"showImageEffects":true,"showParticleSystems":true},"in2DMode":false,"pivot":{"x":12.642778396606446,"y":0.8542993664741516,"z":-9.612627029418946},"rotation":{"x":-0.07736202329397202,"y":0.9052248597145081,"z":-0.18756365776062013,"w":-0.37336716055870058},"size":3.3827266693115236,"orthographic":false}