{"cameraMode":{"drawMode":0,"name":"Shaded","section":"Shading Mode"},"sceneLighting":false,"audioPlay":false,"sceneViewState":{"showFog":true,"showMaterialUpdate":false,"showSkybox":true,"showFlares":true,"showImageEffects":true,"showParticleSystems":true},"in2DMode":false,"pivot":{"x":-5680.2998046875,"y":-552.9954833984375,"z":-11872.509765625},"rotation":{"x":-0.23992830514907838,"y":0.08841904252767563,"z":-0.02194896526634693,"w":-0.9665065407752991},"size":5.020565509796143,"orthographic":false}