{"cameraMode":{"drawMode":0,"name":"Shaded","section":"Shading Mode"},"sceneLighting":false,"audioPlay":false,"sceneViewState":{"showFog":true,"showMaterialUpdate":false,"showSkybox":true,"showFlares":true,"showImageEffects":true,"showParticleSystems":true},"in2DMode":false,"pivot":{"x":-3.834972381591797,"y":-1.2165570259094239,"z":0.43345165252685549},"rotation":{"x":-0.1693745106458664,"y":0.17028138041496278,"z":-0.029724806547164918,"w":-0.9702747464179993},"size":14.22860336303711,"orthographic":false}