{"cameraMode":{"drawMode":0,"name":"Shaded","section":"Shading Mode"},"sceneLighting":false,"audioPlay":false,"sceneViewState":{"showFog":true,"showMaterialUpdate":false,"showSkybox":true,"showFlares":true,"showImageEffects":true,"showParticleSystems":true},"in2DMode":false,"pivot":{"x":-0.1800084114074707,"y":-0.01573111116886139,"z":0.1576380729675293},"rotation":{"x":-0.1380627453327179,"y":0.8361954689025879,"z":-0.24526658654212953,"w":-0.4707019031047821},"size":4.010020732879639,"orthographic":false}