{"cameraMode":{"drawMode":0,"name":"Shaded","section":"Shading Mode"},"sceneLighting":false,"audioPlay":false,"sceneViewState":{"showFog":true,"showMaterialUpdate":false,"showSkybox":true,"showFlares":true,"showImageEffects":true,"showParticleSystems":true},"in2DMode":false,"pivot":{"x":0.8813952207565308,"y":-0.8168540000915527,"z":-3.953479766845703},"rotation":{"x":-0.024818764999508859,"y":-0.9650834202766419,"z":0.2410990595817566,"w":-0.0993446335196495},"size":6.334428310394287,"orthographic":false}