{"cameraMode":{"drawMode":0,"name":"Shaded","section":"Shading Mode"},"sceneLighting":true,"audioPlay":false,"sceneViewState":{"showFog":true,"showMaterialUpdate":false,"showSkybox":true,"showFlares":true,"showImageEffects":true,"showParticleSystems":true},"in2DMode":false,"pivot":{"x":-0.9959793090820313,"y":0.9966442584991455,"z":-12.783530235290528},"rotation":{"x":-0.18685831129550935,"y":0.5639448165893555,"z":-0.13282713294029237,"w":-0.7933518886566162},"size":6.907400608062744,"orthographic":false}