{"cameraMode":{"drawMode":0,"name":"Shaded","section":"Shading Mode"},"sceneLighting":true,"audioPlay":false,"sceneViewState":{"showFog":true,"showMaterialUpdate":false,"showSkybox":true,"showFlares":true,"showImageEffects":true,"showParticleSystems":true},"in2DMode":false,"pivot":{"x":9.710042953491211,"y":2.556913375854492,"z":-17.744611740112306},"rotation":{"x":-0.054283443838357928,"y":-0.0009015023242682219,"z":0.000049097252485807985,"w":-0.9985252022743225},"size":10.28165054321289,"orthographic":false}