{"cameraMode":{"drawMode":0,"name":"Shaded","section":"Shading Mode"},"sceneLighting":false,"audioPlay":false,"sceneViewState":{"showFog":true,"showMaterialUpdate":false,"showSkybox":true,"showFlares":true,"showImageEffects":true,"showParticleSystems":true},"in2DMode":false,"pivot":{"x":93.21383666992188,"y":-23.896102905273439,"z":-5.714719295501709},"rotation":{"x":0.7224332094192505,"y":0.0004353406256996095,"z":-0.0004540415829978883,"w":0.6914405226707459},"size":70.46309661865235,"orthographic":false}