{"cameraMode":{"drawMode":0,"name":"Shaded","section":"Shading Mode"},"sceneLighting":false,"audioPlay":false,"sceneViewState":{"showFog":true,"showMaterialUpdate":false,"showSkybox":true,"showFlares":true,"showImageEffects":true,"showParticleSystems":true},"in2DMode":false,"pivot":{"x":15.422097206115723,"y":-0.06858444213867188,"z":-7.170272350311279},"rotation":{"x":-0.28231680393218996,"y":-0.06125134229660034,"z":0.01806541532278061,"w":-0.9571934342384338},"size":1.1785025596618653,"orthographic":false}