{"cameraMode":{"drawMode":0,"name":"Shaded","section":"Shading Mode"},"sceneLighting":false,"audioPlay":false,"sceneViewState":{"showFog":true,"showMaterialUpdate":false,"showSkybox":true,"showFlares":true,"showImageEffects":true,"showParticleSystems":true},"in2DMode":false,"pivot":{"x":-0.4669138193130493,"y":1.08213472366333,"z":2.6234583854675295},"rotation":{"x":-0.04964418336749077,"y":-0.07723285257816315,"z":0.0038499750662595035,"w":-0.9957689642906189},"size":7.616850852966309,"orthographic":false}