{"cameraMode":{"drawMode":0,"name":"Shaded","section":"Shading Mode"},"sceneLighting":false,"audioPlay":false,"sceneViewState":{"showFog":true,"showMaterialUpdate":false,"showSkybox":true,"showFlares":true,"showImageEffects":true,"showParticleSystems":true},"in2DMode":false,"pivot":{"x":15.805197715759278,"y":0.5074461698532105,"z":-11.391124725341797},"rotation":{"x":-0.05402533710002899,"y":0.9423972964286804,"z":-0.2718171179294586,"w":-0.18730750679969788},"size":1.9504954814910889,"orthographic":false}