{"cameraMode":{"drawMode":0,"name":"Shaded","section":"Shading Mode"},"sceneLighting":false,"audioPlay":false,"sceneViewState":{"showFog":true,"showMaterialUpdate":false,"showSkybox":true,"showFlares":true,"showImageEffects":true,"showParticleSystems":true},"in2DMode":false,"pivot":{"x":-0.68703293800354,"y":0.1835499405860901,"z":0.3226948082447052},"rotation":{"x":-0.20114468038082124,"y":0.5413128733634949,"z":-0.13523536920547486,"w":-0.8051289916038513},"size":1.8719878196716309,"orthographic":false}