{"cameraMode":{"drawMode":0,"name":"Shaded","section":"Shading Mode"},"sceneLighting":false,"audioPlay":false,"sceneViewState":{"showFog":true,"showMaterialUpdate":false,"showSkybox":true,"showFlares":true,"showImageEffects":true,"showParticleSystems":true},"in2DMode":false,"pivot":{"x":-2.277494192123413,"y":0.24983930587768556,"z":-1.1418527364730836},"rotation":{"x":0.1450185924768448,"y":-0.7275812029838562,"z":0.16217471659183503,"w":0.6506109237670898},"size":5.458525657653809,"orthographic":false}