{"cameraMode":{"drawMode":0,"name":"Shaded","section":"Shading Mode"},"sceneLighting":false,"audioPlay":false,"sceneViewState":{"showFog":true,"showMaterialUpdate":false,"showSkybox":true,"showFlares":true,"showImageEffects":true,"showParticleSystems":true},"in2DMode":false,"pivot":{"x":11.717606544494629,"y":3.4642422199249269,"z":-9.630741119384766},"rotation":{"x":0.023053478449583055,"y":-0.7487578988075256,"z":0.026078181341290475,"w":0.6619290709495544},"size":10.557148933410645,"orthographic":false}