{"cameraMode":{"drawMode":0,"name":"Shaded","section":"Shading Mode"},"sceneLighting":false,"audioPlay":false,"sceneViewState":{"showFog":true,"showMaterialUpdate":false,"showSkybox":true,"showFlares":true,"showImageEffects":true,"showParticleSystems":true},"in2DMode":false,"pivot":{"x":9.987373352050782,"y":1.0422569513320923,"z":-19.0252742767334},"rotation":{"x":-0.01107659563422203,"y":-0.9889205694198608,"z":0.10603543370962143,"w":-0.10329551994800568},"size":5.477477550506592,"orthographic":false}