{"cameraMode":{"drawMode":0,"name":"Shaded","section":"Shading Mode"},"sceneLighting":false,"audioPlay":false,"sceneViewState":{"showFog":true,"showMaterialUpdate":false,"showSkybox":true,"showFlares":true,"showImageEffects":true,"showParticleSystems":true},"in2DMode":false,"pivot":{"x":699.8383178710938,"y":237.39549255371095,"z":-2.86279296875},"rotation":{"x":-0.0960545763373375,"y":0.04686206579208374,"z":-0.004527352284640074,"w":-0.9942620396614075},"size":685.1336669921875,"orthographic":false}