{"cameraMode":{"drawMode":0,"name":"Shaded","section":"Shading Mode"},"sceneLighting":true,"audioPlay":false,"sceneViewState":{"showFog":true,"showMaterialUpdate":false,"showSkybox":true,"showFlares":true,"showImageEffects":true,"showParticleSystems":true},"in2DMode":false,"pivot":{"x":1.5745364427566529,"y":-14.815253257751465,"z":26.56103515625},"rotation":{"x":0.21300476789474488,"y":0.03808761015534401,"z":-0.008310548961162568,"w":0.9762731790542603},"size":45.726139068603519,"orthographic":false}