{"cameraMode":{"drawMode":0,"name":"Shaded","section":"Shading Mode"},"sceneLighting":false,"audioPlay":false,"sceneViewState":{"showFog":true,"showMaterialUpdate":false,"showSkybox":true,"showFlares":true,"showImageEffects":true,"showParticleSystems":true},"in2DMode":false,"pivot":{"x":91.07801055908203,"y":1.0079574584960938,"z":-4.374444961547852},"rotation":{"x":0.07836567610502243,"y":0.9122602343559265,"z":-0.2076573669910431,"w":0.34426528215408327},"size":31.709640502929689,"orthographic":false}