{"cameraMode":{"drawMode":0,"name":"Shaded","section":"Shading Mode"},"sceneLighting":false,"audioPlay":false,"sceneViewState":{"showFog":true,"showMaterialUpdate":false,"showSkybox":true,"showFlares":true,"showImageEffects":true,"showParticleSystems":true},"in2DMode":false,"pivot":{"x":-1.3174517154693604,"y":1.6933612823486329,"z":4.405057907104492},"rotation":{"x":0.011800321750342846,"y":0.9861212372779846,"z":-0.08035921305418015,"w":0.1448037326335907},"size":0.9360226988792419,"orthographic":false}