{"cameraMode":{"drawMode":0,"name":"Shaded","section":"Shading Mode"},"sceneLighting":false,"audioPlay":false,"sceneViewState":{"showFog":true,"showMaterialUpdate":false,"showSkybox":true,"showFlares":true,"showImageEffects":true,"showParticleSystems":true},"in2DMode":false,"pivot":{"x":30.25303840637207,"y":-1.2746797800064088,"z":12.019594192504883},"rotation":{"x":0.27063894271850588,"y":-0.5356292724609375,"z":0.18634971976280213,"w":0.7779008150100708},"size":6.376771926879883,"orthographic":false}