{"cameraMode":{"drawMode":0,"name":"Shaded","section":"Shading Mode"},"sceneLighting":false,"audioPlay":false,"sceneViewState":{"showFog":true,"showMaterialUpdate":false,"showSkybox":true,"showFlares":true,"showImageEffects":true,"showParticleSystems":true},"in2DMode":false,"pivot":{"x":1.5372645854949952,"y":-0.3316711187362671,"z":-5.313322067260742},"rotation":{"x":-0.025252139195799829,"y":-0.9739902019500732,"z":0.13856354355812074,"w":-0.17749831080436707},"size":7.66550350189209,"orthographic":false}