{"cameraMode":{"drawMode":0,"name":"Shaded","section":"Shading Mode"},"sceneLighting":false,"audioPlay":false,"sceneViewState":{"showFog":true,"showMaterialUpdate":false,"showSkybox":true,"showFlares":true,"showImageEffects":true,"showParticleSystems":true},"in2DMode":false,"pivot":{"x":9.462915420532227,"y":0.646367073059082,"z":3.1088814735412599},"rotation":{"x":-0.26347431540489199,"y":-0.12201441079378128,"z":0.0336177758872509,"w":-0.9563282132148743},"size":3.366410970687866,"orthographic":false}