{"cameraMode":{"drawMode":0,"name":"Shaded","section":"Shading Mode"},"sceneLighting":true,"audioPlay":false,"sceneViewState":{"showFog":true,"showMaterialUpdate":false,"showSkybox":true,"showFlares":true,"showImageEffects":true,"showParticleSystems":true},"in2DMode":false,"pivot":{"x":-1.697686791419983,"y":3.089268684387207,"z":-16.38682746887207},"rotation":{"x":-0.06078102067112923,"y":-0.9020304083824158,"z":0.1352379322052002,"w":-0.40541037917137148},"size":0.7144709229469299,"orthographic":false}