{"cameraMode":{"drawMode":0,"name":"Shaded","section":"Shading Mode"},"sceneLighting":false,"audioPlay":false,"sceneViewState":{"showFog":true,"showMaterialUpdate":false,"showSkybox":true,"showFlares":true,"showImageEffects":true,"showParticleSystems":true},"in2DMode":false,"pivot":{"x":0.6100000143051148,"y":1.0,"z":-15.380999565124512},"rotation":{"x":0.0023378320038318636,"y":0.9962806105613709,"z":-0.08121360838413239,"w":0.028702732175588609},"size":13.60884952545166,"orthographic":false}