{"cameraMode":{"drawMode":0,"name":"Shaded","section":"Shading Mode"},"sceneLighting":false,"audioPlay":false,"sceneViewState":{"showFog":true,"showMaterialUpdate":false,"showSkybox":true,"showFlares":true,"showImageEffects":true,"showParticleSystems":true},"in2DMode":false,"pivot":{"x":3.9160947799682619,"y":-0.20690929889678956,"z":1.1100844144821168},"rotation":{"x":-0.1896602064371109,"y":0.7117167115211487,"z":-0.20993445813655854,"w":-0.642974317073822},"size":2.0451748371124269,"orthographic":false}