{"cameraMode":{"drawMode":0,"name":"Shaded","section":"Shading Mode"},"sceneLighting":false,"audioPlay":false,"sceneViewState":{"showFog":true,"showMaterialUpdate":false,"showSkybox":true,"showFlares":true,"showImageEffects":true,"showParticleSystems":true},"in2DMode":false,"pivot":{"x":1.8370780944824219,"y":1.4210214614868165,"z":-1.6567795276641846},"rotation":{"x":-0.033520810306072238,"y":0.9623558521270752,"z":-0.13987547159194947,"w":-0.23061302304267884},"size":1.8248224258422852,"orthographic":false}