{"cameraMode":{"drawMode":0,"name":"Shaded","section":"Shading Mode"},"sceneLighting":true,"audioPlay":false,"sceneViewState":{"showFog":true,"showMaterialUpdate":false,"showSkybox":true,"showFlares":true,"showImageEffects":true,"showParticleSystems":true},"in2DMode":false,"pivot":{"x":2.4915764331817629,"y":1.110957384109497,"z":-5.365788459777832},"rotation":{"x":-0.027564430609345437,"y":-0.934411346912384,"z":0.3472961187362671,"w":-0.07416997104883194},"size":5.8416595458984379,"orthographic":false}