{"cameraMode":{"drawMode":0,"name":"Shaded","section":"Shading Mode"},"sceneLighting":false,"audioPlay":false,"sceneViewState":{"showFog":true,"showMaterialUpdate":false,"showSkybox":true,"showFlares":true,"showImageEffects":true,"showParticleSystems":true},"in2DMode":false,"pivot":{"x":-0.8914833068847656,"y":1.4749016761779786,"z":1.4399473667144776},"rotation":{"x":0.2880409359931946,"y":-0.4608316719532013,"z":0.16111786663532258,"w":0.823837161064148},"size":2.2809834480285646,"orthographic":false}