{"cameraMode":{"drawMode":0,"name":"Shaded","section":"Shading Mode"},"sceneLighting":false,"audioPlay":false,"sceneViewState":{"showFog":true,"showMaterialUpdate":false,"showSkybox":true,"showFlares":true,"showImageEffects":true,"showParticleSystems":true},"in2DMode":false,"pivot":{"x":3.5531089305877687,"y":1.3022929430007935,"z":-3.9122276306152345},"rotation":{"x":0.15718860924243928,"y":0.004436596762388945,"z":-0.0007089805440045893,"w":0.9875583648681641},"size":2.6951630115509035,"orthographic":false}