{"cameraMode":{"drawMode":0,"name":"Shaded","section":"Shading Mode"},"sceneLighting":false,"audioPlay":false,"sceneViewState":{"showFog":true,"showMaterialUpdate":false,"showSkybox":true,"showFlares":true,"showImageEffects":true,"showParticleSystems":true},"in2DMode":false,"pivot":{"x":3.279747486114502,"y":1.2067259550094605,"z":-3.9409899711608888},"rotation":{"x":0.15718862414360047,"y":0.004436597228050232,"z":-0.0007089806022122502,"w":0.9875584244728088},"size":2.6951630115509035,"orthographic":false}