{"cameraMode":{"drawMode":0,"name":"Shaded","section":"Shading Mode"},"sceneLighting":false,"audioPlay":false,"sceneViewState":{"showFog":true,"showMaterialUpdate":false,"showSkybox":true,"showFlares":true,"showImageEffects":true,"showParticleSystems":true},"in2DMode":false,"pivot":{"x":-0.5454676151275635,"y":0.3924417495727539,"z":0.656597375869751},"rotation":{"x":-0.1631658673286438,"y":0.665900707244873,"z":-0.15264272689819337,"w":-0.7117958664894104},"size":4.013546466827393,"orthographic":false}