{"cameraMode":{"drawMode":0,"name":"Shaded","section":"Shading Mode"},"sceneLighting":false,"audioPlay":false,"sceneViewState":{"showFog":true,"showMaterialUpdate":false,"showSkybox":true,"showFlares":true,"showImageEffects":true,"showParticleSystems":true},"in2DMode":false,"pivot":{"x":-2.1047616004943849,"y":0.9537244439125061,"z":-0.2547391653060913},"rotation":{"x":0.10635711997747421,"y":-0.4989646077156067,"z":0.06185932457447052,"w":0.857843816280365},"size":3.1656293869018556,"orthographic":false}