{"cameraMode":{"drawMode":0,"name":"Shaded","section":"Shading Mode"},"sceneLighting":false,"audioPlay":false,"sceneViewState":{"showFog":true,"showMaterialUpdate":false,"showSkybox":true,"showFlares":true,"showImageEffects":true,"showParticleSystems":true},"in2DMode":false,"pivot":{"x":0.22979691624641419,"y":0.09322085976600647,"z":0.07449901103973389},"rotation":{"x":-0.14072997868061067,"y":0.043644681572914126,"z":-0.006208100356161594,"w":-0.9890661239624023},"size":1.4209959506988526,"orthographic":false}