{"cameraMode":{"drawMode":0,"name":"Shaded","section":"Shading Mode"},"sceneLighting":true,"audioPlay":false,"sceneViewState":{"showFog":true,"showMaterialUpdate":false,"showSkybox":true,"showFlares":true,"showImageEffects":true,"showParticleSystems":true},"in2DMode":false,"pivot":{"x":1.1570723056793213,"y":-12.222707748413086,"z":17.99834632873535},"rotation":{"x":-0.26122361421585085,"y":0.013607014901936055,"z":-0.00368191278539598,"w":-0.9651753902435303},"size":40.010372161865237,"orthographic":false}