{"cameraMode":{"drawMode":0,"name":"Shaded","section":"Shading Mode"},"sceneLighting":false,"audioPlay":false,"sceneViewState":{"showFog":true,"showMaterialUpdate":false,"showSkybox":true,"showFlares":true,"showImageEffects":true,"showParticleSystems":true},"in2DMode":false,"pivot":{"x":1.469692587852478,"y":1.9306244850158692,"z":-0.39467811584472659},"rotation":{"x":-0.015454837121069432,"y":0.9788132905960083,"z":-0.18757189810276032,"w":-0.08063877373933792},"size":1.8248224258422852,"orthographic":false}