{"cameraMode":{"drawMode":0,"name":"Shaded","section":"Shading Mode"},"sceneLighting":false,"audioPlay":false,"sceneViewState":{"showFog":true,"showMaterialUpdate":false,"showSkybox":true,"showFlares":true,"showImageEffects":true,"showParticleSystems":true},"in2DMode":false,"pivot":{"x":8.589468002319336,"y":1.3291696310043336,"z":2.6274869441986086},"rotation":{"x":-0.06014157831668854,"y":0.07240261137485504,"z":-0.004371965304017067,"w":-0.9955510497093201},"size":2.766411066055298,"orthographic":false}