{"cameraMode":{"drawMode":0,"name":"Shaded","section":"Shading Mode"},"sceneLighting":true,"audioPlay":false,"sceneViewState":{"showFog":true,"showMaterialUpdate":false,"showSkybox":true,"showFlares":true,"showImageEffects":true,"showParticleSystems":true},"in2DMode":false,"pivot":{"x":4.945420265197754,"y":5.1284332275390629,"z":-30.23628807067871},"rotation":{"x":-0.1254694014787674,"y":-0.3884294033050537,"z":0.05347857624292374,"w":-0.9113287329673767},"size":0.7144709229469299,"orthographic":false}