{"cameraMode":{"drawMode":0,"name":"Shaded","section":"Shading Mode"},"sceneLighting":true,"audioPlay":false,"sceneViewState":{"showFog":true,"showMaterialUpdate":false,"showSkybox":true,"showFlares":true,"showImageEffects":true,"showParticleSystems":true},"in2DMode":false,"pivot":{"x":18.553911209106447,"y":-10.578760147094727,"z":-4.979948043823242},"rotation":{"x":0.46575698256492617,"y":-0.46532681584358218,"z":0.3175998628139496,"w":0.6824015378952026},"size":28.72319221496582,"orthographic":false}