{"cameraMode":{"drawMode":0,"name":"Shaded","section":"Shading Mode"},"sceneLighting":false,"audioPlay":false,"sceneViewState":{"showFog":true,"showMaterialUpdate":false,"showSkybox":true,"showFlares":true,"showImageEffects":true,"showParticleSystems":true},"in2DMode":false,"pivot":{"x":-3.5318684577941896,"y":-0.20487189292907716,"z":2.0115809440612795},"rotation":{"x":0.07800956815481186,"y":-0.08067235350608826,"z":0.006329881958663464,"w":0.9936631321907044},"size":4.065629482269287,"orthographic":false}