{"cameraMode":{"drawMode":0,"name":"Shaded","section":"Shading Mode"},"sceneLighting":false,"audioPlay":false,"sceneViewState":{"showFog":true,"showMaterialUpdate":false,"showSkybox":true,"showFlares":true,"showImageEffects":true,"showParticleSystems":true},"in2DMode":false,"pivot":{"x":-20.34423828125,"y":-1.4941325187683106,"z":5.874593257904053},"rotation":{"x":0.13007566332817079,"y":-0.4022597670555115,"z":0.05785210803151131,"w":0.9043896198272705},"size":20.82246208190918,"orthographic":false}