{"cameraMode":{"drawMode":0,"name":"Shaded","section":"Shading Mode"},"sceneLighting":false,"audioPlay":false,"sceneViewState":{"showFog":true,"showMaterialUpdate":false,"showSkybox":true,"showFlares":true,"showImageEffects":true,"showParticleSystems":true},"in2DMode":false,"pivot":{"x":4.746941566467285,"y":4.970093727111816,"z":5.849118232727051},"rotation":{"x":-0.1907002180814743,"y":0.1384829580783844,"z":-0.027183493599295617,"w":-0.9714510440826416},"size":175.6436004638672,"orthographic":false}