{"cameraMode":{"drawMode":0,"name":"Shaded","section":"Shading Mode"},"sceneLighting":true,"audioPlay":false,"sceneViewState":{"showFog":true,"showMaterialUpdate":false,"showSkybox":true,"showFlares":true,"showImageEffects":true,"showParticleSystems":true},"in2DMode":false,"pivot":{"x":-2.3696670532226564,"y":-7.87100076675415,"z":-46.7291374206543},"rotation":{"x":0.003693929873406887,"y":-0.994506299495697,"z":0.09762143343687058,"w":0.037598177790641788},"size":54.872703552246097,"orthographic":false}