{"cameraMode":{"drawMode":0,"name":"Shaded","section":"Shading Mode"},"sceneLighting":false,"audioPlay":false,"sceneViewState":{"showFog":true,"showMaterialUpdate":false,"showSkybox":true,"showFlares":true,"showImageEffects":true,"showParticleSystems":true},"in2DMode":false,"pivot":{"x":10.25167179107666,"y":-4.840173721313477,"z":3.278949737548828},"rotation":{"x":-0.1907002180814743,"y":0.1384829580783844,"z":-0.027183493599295617,"w":-0.9714510440826416},"size":84.30203247070313,"orthographic":false}