{"cameraMode":{"drawMode":0,"name":"Shaded","section":"Shading Mode"},"sceneLighting":false,"audioPlay":false,"sceneViewState":{"showFog":true,"showMaterialUpdate":false,"showSkybox":true,"showFlares":true,"showImageEffects":true,"showParticleSystems":true},"in2DMode":false,"pivot":{"x":10.419072151184082,"y":-4.6122894287109379,"z":1.9247934818267823},"rotation":{"x":0.09424418210983277,"y":0.6770263910293579,"z":-0.08806493133306503,"w":0.7245674133300781},"size":23.91143798828125,"orthographic":false}