{"cameraMode":{"drawMode":0,"name":"Shaded","section":"Shading Mode"},"sceneLighting":false,"audioPlay":false,"sceneViewState":{"showFog":true,"showMaterialUpdate":false,"showSkybox":true,"showFlares":true,"showImageEffects":true,"showParticleSystems":true},"in2DMode":false,"pivot":{"x":603.3688354492188,"y":184.47940063476563,"z":-44.28973388671875},"rotation":{"x":0.22782517969608308,"y":0.0029138356912881138,"z":-0.0006844827439635992,"w":0.9736974835395813},"size":631.7545776367188,"orthographic":false}