{"cameraMode":{"drawMode":0,"name":"Shaded","section":"Shading Mode"},"sceneLighting":true,"audioPlay":false,"sceneViewState":{"showFog":true,"showMaterialUpdate":false,"showSkybox":true,"showFlares":true,"showImageEffects":true,"showParticleSystems":true},"in2DMode":false,"pivot":{"x":9.586996078491211,"y":5.0716376304626469,"z":-15.199522972106934},"rotation":{"x":0.20265260338783265,"y":0.32202330231666567,"z":-0.07077541947364807,"w":0.9220758080482483},"size":22.0,"orthographic":false}