{"cameraMode":{"drawMode":0,"name":"Shaded","section":"Shading Mode"},"sceneLighting":false,"audioPlay":false,"sceneViewState":{"showFog":true,"showMaterialUpdate":false,"showSkybox":true,"showFlares":true,"showImageEffects":true,"showParticleSystems":true},"in2DMode":false,"pivot":{"x":4.018543243408203,"y":0.5173598527908325,"z":-2.7714836597442629},"rotation":{"x":-0.10796423256397248,"y":0.7117645740509033,"z":-0.11218901723623276,"w":-0.684944212436676},"size":1.1200966835021973,"orthographic":false}