{"cameraMode":{"drawMode":0,"name":"Shaded","section":"Shading Mode"},"sceneLighting":false,"audioPlay":false,"sceneViewState":{"showFog":true,"showMaterialUpdate":false,"showSkybox":true,"showFlares":true,"showImageEffects":true,"showParticleSystems":true},"in2DMode":false,"pivot":{"x":-0.794156551361084,"y":0.7244875431060791,"z":-0.657718300819397},"rotation":{"x":-0.1631658673286438,"y":0.665900707244873,"z":-0.15264272689819337,"w":-0.7117958664894104},"size":3.413546323776245,"orthographic":false}