{"cameraMode":{"drawMode":0,"name":"Shaded","section":"Shading Mode"},"sceneLighting":true,"audioPlay":false,"sceneViewState":{"showFog":true,"showMaterialUpdate":false,"showSkybox":true,"showFlares":true,"showImageEffects":true,"showParticleSystems":true},"in2DMode":false,"pivot":{"x":16.211170196533204,"y":2.2305641174316408,"z":-12.22653579711914},"rotation":{"x":0.03562779352068901,"y":0.3385680913925171,"z":-0.012830979190766812,"w":0.9401796460151672},"size":29.457372665405275,"orthographic":false}