{"cameraMode":{"drawMode":0,"name":"Shaded","section":"Shading Mode"},"sceneLighting":false,"audioPlay":false,"sceneViewState":{"showFog":true,"showMaterialUpdate":false,"showSkybox":true,"showFlares":true,"showImageEffects":true,"showParticleSystems":true},"in2DMode":false,"pivot":{"x":-19.709407806396486,"y":-1.9563312530517579,"z":6.708393573760986},"rotation":{"x":0.15278956294059754,"y":-0.4522833228111267,"z":0.07896022498607636,"w":0.8751345872879028},"size":16.449735641479493,"orthographic":false}