{"cameraMode":{"drawMode":0,"name":"Shaded","section":"Shading Mode"},"sceneLighting":false,"audioPlay":false,"sceneViewState":{"showFog":true,"showMaterialUpdate":false,"showSkybox":true,"showFlares":true,"showImageEffects":true,"showParticleSystems":true},"in2DMode":false,"pivot":{"x":657.1534423828125,"y":490.89544677734377,"z":37.785888671875},"rotation":{"x":-0.06323559582233429,"y":-0.03233093023300171,"z":0.002049508038908243,"w":-0.9974727034568787},"size":644.522705078125,"orthographic":false}