{"cameraMode":{"drawMode":0,"name":"Shaded","section":"Shading Mode"},"sceneLighting":false,"audioPlay":false,"sceneViewState":{"showFog":true,"showMaterialUpdate":false,"showSkybox":true,"showFlares":true,"showImageEffects":true,"showParticleSystems":true},"in2DMode":false,"pivot":{"x":0.6272134780883789,"y":2.0603063106536867,"z":-13.090782165527344},"rotation":{"x":0.08086282759904862,"y":-0.6597635746002197,"z":0.07174063473939896,"w":0.7436575889587402},"size":3.882416009902954,"orthographic":false}