{"cameraMode":{"drawMode":0,"name":"Shaded","section":"Shading Mode"},"sceneLighting":false,"audioPlay":false,"sceneViewState":{"showFog":true,"showMaterialUpdate":false,"showSkybox":true,"showFlares":true,"showImageEffects":true,"showParticleSystems":true},"in2DMode":false,"pivot":{"x":0.9800000190734863,"y":0.06999778747558594,"z":1.1999990940093995},"rotation":{"x":-0.3210914433002472,"y":-0.3936212658882141,"z":0.1489739865064621,"w":-0.8483921885490418},"size":5.118025302886963,"orthographic":false}