{"cameraMode":{"drawMode":0,"name":"Shaded","section":"Shading Mode"},"sceneLighting":false,"audioPlay":false,"sceneViewState":{"showFog":true,"showMaterialUpdate":false,"showSkybox":true,"showFlares":true,"showImageEffects":true,"showParticleSystems":true},"in2DMode":false,"pivot":{"x":3.9193313121795656,"y":0.3332033157348633,"z":0.22398090362548829},"rotation":{"x":0.3428049087524414,"y":0.012936219573020935,"z":-0.004719332791864872,"w":0.9393057227134705},"size":2.8151726722717287,"orthographic":false}