{"cameraMode":{"drawMode":0,"name":"Shaded","section":"Shading Mode"},"sceneLighting":false,"audioPlay":false,"sceneViewState":{"showFog":true,"showMaterialUpdate":false,"showSkybox":true,"showFlares":true,"showImageEffects":true,"showParticleSystems":true},"in2DMode":false,"pivot":{"x":-0.07292318344116211,"y":0.12298916280269623,"z":-0.2678448259830475},"rotation":{"x":-0.047454725950956348,"y":-0.9521380066871643,"z":0.1987840086221695,"w":-0.22730204463005067},"size":0.585788369178772,"orthographic":false}