{"cameraMode":{"drawMode":0,"name":"Shaded","section":"Shading Mode"},"sceneLighting":false,"audioPlay":false,"sceneViewState":{"showFog":true,"showMaterialUpdate":false,"showSkybox":true,"showFlares":true,"showImageEffects":true,"showParticleSystems":true},"in2DMode":false,"pivot":{"x":-1.7631003856658936,"y":-1.0951169729232789,"z":0.8193773031234741},"rotation":{"x":-0.23699811100959779,"y":0.43526801466941836,"z":-0.11991864442825318,"w":-0.8602285385131836},"size":5.152347564697266,"orthographic":false}