{"cameraMode":{"drawMode":0,"name":"Shaded","section":"Shading Mode"},"sceneLighting":false,"audioPlay":false,"sceneViewState":{"showFog":true,"showMaterialUpdate":false,"showSkybox":true,"showFlares":true,"showImageEffects":true,"showParticleSystems":true},"in2DMode":false,"pivot":{"x":1.7751399278640748,"y":0.8745874166488648,"z":6.588308334350586},"rotation":{"x":-0.08413682132959366,"y":0.8592495918273926,"z":-0.1500658541917801,"w":-0.4817587733268738},"size":2.345012664794922,"orthographic":false}