{"cameraMode":{"drawMode":0,"name":"Shaded","section":"Shading Mode"},"sceneLighting":true,"audioPlay":false,"sceneViewState":{"showFog":true,"showMaterialUpdate":false,"showSkybox":true,"showFlares":true,"showImageEffects":true,"showParticleSystems":true},"in2DMode":false,"pivot":{"x":-3.777716636657715,"y":-8.01092529296875,"z":-12.131494522094727},"rotation":{"x":0.288204163312912,"y":-0.29499801993370058,"z":0.09382634609937668,"w":0.9061518311500549},"size":31.940982818603517,"orthographic":false}