{"cameraMode":{"drawMode":0,"name":"Shaded","section":"Shading Mode"},"sceneLighting":false,"audioPlay":false,"sceneViewState":{"showFog":true,"showMaterialUpdate":false,"showSkybox":true,"showFlares":true,"showImageEffects":true,"showParticleSystems":true},"in2DMode":false,"pivot":{"x":-3.071068525314331,"y":-1.034417986869812,"z":0.7911746501922607},"rotation":{"x":0.10706336796283722,"y":-0.7626345157623291,"z":0.13077598810195924,"w":0.6243587136268616},"size":6.902806758880615,"orthographic":false}