{"cameraMode":{"drawMode":0,"name":"Shaded","section":"Shading Mode"},"sceneLighting":true,"audioPlay":false,"sceneViewState":{"showFog":true,"showMaterialUpdate":false,"showSkybox":true,"showFlares":true,"showImageEffects":true,"showParticleSystems":true},"in2DMode":false,"pivot":{"x":8.103652000427246,"y":5.809567928314209,"z":-28.23839569091797},"rotation":{"x":0.2797290086746216,"y":-0.2706349790096283,"z":0.08251956105232239,"w":0.9174414873123169},"size":1.7200064659118653,"orthographic":false}