{"cameraMode":{"drawMode":0,"name":"Shaded","section":"Shading Mode"},"sceneLighting":false,"audioPlay":false,"sceneViewState":{"showFog":true,"showMaterialUpdate":false,"showSkybox":true,"showFlares":true,"showImageEffects":true,"showParticleSystems":true},"in2DMode":false,"pivot":{"x":3.424314498901367,"y":-1.048234462738037,"z":1.3960753679275513},"rotation":{"x":-0.1176120936870575,"y":-0.5029277801513672,"z":0.06930378824472428,"w":-0.8534799218177795},"size":5.300356388092041,"orthographic":false}