{"cameraMode":{"drawMode":0,"name":"Shaded","section":"Shading Mode"},"sceneLighting":false,"audioPlay":false,"sceneViewState":{"showFog":true,"showMaterialUpdate":false,"showSkybox":true,"showFlares":true,"showImageEffects":true,"showParticleSystems":true},"in2DMode":false,"pivot":{"x":-1.5692870616912842,"y":-0.9628386497497559,"z":-1.1023674011230469},"rotation":{"x":0.014559406787157059,"y":-0.9527758955955505,"z":0.2997746467590332,"w":0.04627503827214241},"size":10.06621265411377,"orthographic":false}