{"cameraMode":{"drawMode":0,"name":"Shaded","section":"Shading Mode"},"sceneLighting":false,"audioPlay":false,"sceneViewState":{"showFog":true,"showMaterialUpdate":false,"showSkybox":true,"showFlares":true,"showImageEffects":true,"showParticleSystems":true},"in2DMode":false,"pivot":{"x":1.109065294265747,"y":1.0174639225006104,"z":0.6426323652267456},"rotation":{"x":-0.010313875041902066,"y":0.6166998147964478,"z":0.00808226503431797,"w":0.7870894074440002},"size":3.0585248470306398,"orthographic":false}