{"cameraMode":{"drawMode":0,"name":"Shaded","section":"Shading Mode"},"sceneLighting":false,"audioPlay":false,"sceneViewState":{"showFog":true,"showMaterialUpdate":false,"showSkybox":true,"showFlares":true,"showImageEffects":true,"showParticleSystems":true},"in2DMode":false,"pivot":{"x":0.6989860534667969,"y":0.06024169921875,"z":-4.280298233032227},"rotation":{"x":0.1956525444984436,"y":0.11862532794475556,"z":-0.02384822443127632,"w":0.9731800556182861},"size":21.51380157470703,"orthographic":false}