{"cameraMode":{"drawMode":0,"name":"Shaded","section":"Shading Mode"},"sceneLighting":false,"audioPlay":false,"sceneViewState":{"showFog":true,"showMaterialUpdate":false,"showSkybox":true,"showFlares":true,"showImageEffects":true,"showParticleSystems":true},"in2DMode":false,"pivot":{"x":1.429340124130249,"y":0.20248907804489137,"z":-1.0126327276229859},"rotation":{"x":-0.1207742765545845,"y":-0.753241777420044,"z":0.14434504508972169,"w":-0.6302419900894165},"size":2.459473133087158,"orthographic":false}