{"cameraMode":{"drawMode":0,"name":"Shaded","section":"Shading Mode"},"sceneLighting":false,"audioPlay":false,"sceneViewState":{"showFog":true,"showMaterialUpdate":false,"showSkybox":true,"showFlares":true,"showImageEffects":true,"showParticleSystems":true},"in2DMode":false,"pivot":{"x":0.6100000143051148,"y":1.0,"z":-15.380999565124512},"rotation":{"x":0.05269724875688553,"y":-0.08948354423046112,"z":0.004742873832583427,"w":0.994581937789917},"size":2.020829200744629,"orthographic":false}