{"cameraMode":{"drawMode":0,"name":"Shaded","section":"Shading Mode"},"sceneLighting":false,"audioPlay":false,"sceneViewState":{"showFog":true,"showMaterialUpdate":false,"showSkybox":true,"showFlares":true,"showImageEffects":true,"showParticleSystems":true},"in2DMode":false,"pivot":{"x":0.7405213117599487,"y":0.7581419348716736,"z":0.0044847577810287479},"rotation":{"x":-0.041415367275476459,"y":-0.6900090575218201,"z":0.039606135338544849,"w":-0.7215287685394287},"size":2.7241430282592775,"orthographic":false}