{"cameraMode":{"drawMode":0,"name":"Shaded","section":"Shading Mode"},"sceneLighting":false,"audioPlay":false,"sceneViewState":{"showFog":true,"showMaterialUpdate":false,"showSkybox":true,"showFlares":true,"showImageEffects":true,"showParticleSystems":true},"in2DMode":false,"pivot":{"x":1.2307326793670655,"y":-0.5785503387451172,"z":8.62351131439209},"rotation":{"x":0.1469683200120926,"y":0.6346164345741272,"z":-0.12461906671524048,"w":0.7484199404716492},"size":2.9004149436950685,"orthographic":false}