{"cameraMode":{"drawMode":0,"name":"Shaded","section":"Shading Mode"},"sceneLighting":false,"audioPlay":false,"sceneViewState":{"showFog":true,"showMaterialUpdate":false,"showSkybox":true,"showFlares":true,"showImageEffects":true,"showParticleSystems":true},"in2DMode":false,"pivot":{"x":-0.5168888568878174,"y":0.2501588761806488,"z":-0.2545692026615143},"rotation":{"x":-0.008172435685992241,"y":0.9193541407585144,"z":-0.39288073778152468,"w":-0.01912863180041313},"size":2.072859764099121,"orthographic":false}