{"cameraMode":{"drawMode":0,"name":"Shaded","section":"Shading Mode"},"sceneLighting":false,"audioPlay":false,"sceneViewState":{"showFog":true,"showMaterialUpdate":false,"showSkybox":true,"showFlares":true,"showImageEffects":true,"showParticleSystems":true},"in2DMode":false,"pivot":{"x":2.493363857269287,"y":-0.41845977306365969,"z":-0.31829875707626345},"rotation":{"x":-0.17308148741722108,"y":-0.6221608519554138,"z":0.143600195646286,"w":-0.7498917579650879},"size":4.400073528289795,"orthographic":false}