{"cameraMode":{"drawMode":0,"name":"Shaded","section":"Shading Mode"},"sceneLighting":false,"audioPlay":false,"sceneViewState":{"showFog":true,"showMaterialUpdate":false,"showSkybox":true,"showFlares":true,"showImageEffects":true,"showParticleSystems":true},"in2DMode":false,"pivot":{"x":185.7808074951172,"y":1.7944941520690919,"z":-6.83212947845459},"rotation":{"x":0.14311857521533967,"y":-0.1049262061715126,"z":0.015262807719409466,"w":0.9840095043182373},"size":3.3898818492889406,"orthographic":false}