{"cameraMode":{"drawMode":0,"name":"Shaded","section":"Shading Mode"},"sceneLighting":false,"audioPlay":false,"sceneViewState":{"showFog":true,"showMaterialUpdate":false,"showSkybox":true,"showFlares":true,"showImageEffects":true,"showParticleSystems":true},"in2DMode":false,"pivot":{"x":1.8721508979797364,"y":-0.1390305757522583,"z":-0.7420655488967896},"rotation":{"x":-0.16795900464057923,"y":-0.6801506876945496,"z":0.16452530026435853,"w":-0.694346010684967},"size":3.6695094108581545,"orthographic":false}