{"cameraMode":{"drawMode":0,"name":"Shaded","section":"Shading Mode"},"sceneLighting":false,"audioPlay":false,"sceneViewState":{"showFog":true,"showMaterialUpdate":false,"showSkybox":true,"showFlares":true,"showImageEffects":true,"showParticleSystems":true},"in2DMode":false,"pivot":{"x":88.57573699951172,"y":-3.0684356689453127,"z":20.945194244384767},"rotation":{"x":0.2227560579776764,"y":0.23147201538085938,"z":-0.05453754588961601,"w":0.9454237818717957},"size":11.77924633026123,"orthographic":false}