{"cameraMode":{"drawMode":0,"name":"Shaded","section":"Shading Mode"},"sceneLighting":false,"audioPlay":false,"sceneViewState":{"showFog":true,"showMaterialUpdate":false,"showSkybox":true,"showFlares":true,"showImageEffects":true,"showParticleSystems":true},"in2DMode":false,"pivot":{"x":1.5821938514709473,"y":1.5299391746520997,"z":-2.713850498199463},"rotation":{"x":-0.01384469959884882,"y":0.9744020700454712,"z":0.06260739266872406,"w":0.21547448635101319},"size":4.989979267120361,"orthographic":false}