{"cameraMode":{"drawMode":0,"name":"Shaded","section":"Shading Mode"},"sceneLighting":false,"audioPlay":false,"sceneViewState":{"showFog":true,"showMaterialUpdate":false,"showSkybox":true,"showFlares":true,"showImageEffects":true,"showParticleSystems":true},"in2DMode":false,"pivot":{"x":1.3760000467300416,"y":1.184999942779541,"z":-2.0820000171661379},"rotation":{"x":0.11565358936786652,"y":-0.8678832054138184,"z":0.23909789323806764,"w":0.4198037087917328},"size":0.7144709229469299,"orthographic":false}