{"cameraMode":{"drawMode":0,"name":"Shaded","section":"Shading Mode"},"sceneLighting":false,"audioPlay":false,"sceneViewState":{"showFog":true,"showMaterialUpdate":false,"showSkybox":true,"showFlares":true,"showImageEffects":true,"showParticleSystems":true},"in2DMode":false,"pivot":{"x":10.609999656677246,"y":1.7000001668930054,"z":-7.315000057220459},"rotation":{"x":-0.13646067678928376,"y":0.02675258181989193,"z":-0.0036878848914057018,"w":-0.9902773499488831},"size":21.33783721923828,"orthographic":false}