{"cameraMode":{"drawMode":0,"name":"Shaded","section":"Shading Mode"},"sceneLighting":false,"audioPlay":false,"sceneViewState":{"showFog":true,"showMaterialUpdate":false,"showSkybox":true,"showFlares":true,"showImageEffects":true,"showParticleSystems":true},"in2DMode":false,"pivot":{"x":437.356689453125,"y":183.95846557617188,"z":572.0785522460938},"rotation":{"x":0.0469137541949749,"y":-0.013215270824730397,"z":0.0006222675438039005,"w":0.9988113641738892},"size":1222.7750244140625,"orthographic":false}