{"cameraMode":{"drawMode":0,"name":"Shaded","section":"Shading Mode"},"sceneLighting":false,"audioPlay":false,"sceneViewState":{"showFog":true,"showMaterialUpdate":false,"showSkybox":true,"showFlares":true,"showImageEffects":true,"showParticleSystems":true},"in2DMode":false,"pivot":{"x":33.22132873535156,"y":-1.1832081079483033,"z":-4.401658535003662},"rotation":{"x":0.0796271339058876,"y":0.8859952092170715,"z":-0.16572901606559754,"w":0.42568281292915347},"size":21.318994522094728,"orthographic":false}