{"cameraMode":{"drawMode":0,"name":"Shaded","section":"Shading Mode"},"sceneLighting":false,"audioPlay":false,"sceneViewState":{"showFog":true,"showMaterialUpdate":false,"showSkybox":true,"showFlares":true,"showImageEffects":true,"showParticleSystems":true},"in2DMode":false,"pivot":{"x":113.98290252685547,"y":7.669517517089844,"z":-18.398723602294923},"rotation":{"x":-0.29173657298088076,"y":-0.5257937908172607,"z":0.19816695153713227,"w":-0.7740545272827148},"size":63.24603271484375,"orthographic":false}