{"cameraMode":{"drawMode":0,"name":"Shaded","section":"Shading Mode"},"sceneLighting":false,"audioPlay":false,"sceneViewState":{"showFog":true,"showMaterialUpdate":false,"showSkybox":true,"showFlares":true,"showImageEffects":true,"showParticleSystems":true},"in2DMode":false,"pivot":{"x":-1.4796981811523438,"y":-0.32403087615966799,"z":-10.660493850708008},"rotation":{"x":0.13634616136550904,"y":-0.7030516266822815,"z":0.14020104706287385,"w":0.6837191581726074},"size":6.36545467376709,"orthographic":false}