{"cameraMode":{"drawMode":0,"name":"Shaded","section":"Shading Mode"},"sceneLighting":false,"audioPlay":false,"sceneViewState":{"showFog":true,"showMaterialUpdate":false,"showSkybox":true,"showFlares":true,"showImageEffects":true,"showParticleSystems":true},"in2DMode":false,"pivot":{"x":2.0200002193450929,"y":1.190000295639038,"z":-4.079999923706055},"rotation":{"x":-0.23106171190738679,"y":0.5638768672943115,"z":-0.1681513488292694,"w":-0.7748410105705261},"size":13.829888343811036,"orthographic":false}