{"cameraMode":{"drawMode":0,"name":"Shaded","section":"Shading Mode"},"sceneLighting":false,"audioPlay":false,"sceneViewState":{"showFog":true,"showMaterialUpdate":false,"showSkybox":true,"showFlares":true,"showImageEffects":true,"showParticleSystems":true},"in2DMode":false,"pivot":{"x":7.450580596923828e-8,"y":0.49822407960891726,"z":0.9999999403953552},"rotation":{"x":-0.1001279354095459,"y":0.8242983222007752,"z":-0.1541333794593811,"w":-0.5354899764060974},"size":2.880983352661133,"orthographic":false}