{"cameraMode":{"drawMode":0,"name":"Shaded","section":"Shading Mode"},"sceneLighting":false,"audioPlay":false,"sceneViewState":{"showFog":true,"showMaterialUpdate":false,"showSkybox":true,"showFlares":true,"showImageEffects":true,"showParticleSystems":true},"in2DMode":false,"pivot":{"x":150.0298614501953,"y":2.631639003753662,"z":0.00000762939453125},"rotation":{"x":0.30970805883407595,"y":0.05471554026007652,"z":-0.01785370334982872,"w":0.9490882158279419},"size":56.832359313964847,"orthographic":false}