{"cameraMode":{"drawMode":0,"name":"Shaded","section":"Shading Mode"},"sceneLighting":false,"audioPlay":false,"sceneViewState":{"showFog":true,"showMaterialUpdate":false,"showSkybox":true,"showFlares":true,"showImageEffects":true,"showParticleSystems":true},"in2DMode":false,"pivot":{"x":-2.420457363128662,"y":0.35062313079833987,"z":0.001604914665222168},"rotation":{"x":0.2227560579776764,"y":0.23147201538085938,"z":-0.05453754588961601,"w":0.9454237818717957},"size":3.2180588245391847,"orthographic":false}