{"cameraMode":{"drawMode":0,"name":"Shaded","section":"Shading Mode"},"sceneLighting":false,"audioPlay":false,"sceneViewState":{"showFog":true,"showMaterialUpdate":false,"showSkybox":true,"showFlares":true,"showImageEffects":true,"showParticleSystems":true},"in2DMode":false,"pivot":{"x":435.2489013671875,"y":313.52032470703127,"z":411.91363525390627},"rotation":{"x":-0.007063933648169041,"y":-0.016229191794991494,"z":-0.00011310977424727753,"w":0.9998433589935303},"size":1222.7750244140625,"orthographic":false}