{"cameraMode":{"drawMode":0,"name":"Shaded","section":"Shading Mode"},"sceneLighting":false,"audioPlay":false,"sceneViewState":{"showFog":true,"showMaterialUpdate":false,"showSkybox":true,"showFlares":true,"showImageEffects":true,"showParticleSystems":true},"in2DMode":false,"pivot":{"x":-1.5504355430603028,"y":-1.4849661588668824,"z":3.009296178817749},"rotation":{"x":0.17054113745689393,"y":-0.21884086728096009,"z":0.03887738659977913,"w":0.9599546790122986},"size":5.681728363037109,"orthographic":false}